index,similarity,path,time,souffle_time,neo4j_time,sim_time,gen_time,automaton_time
dblp_to_amalgam1-naive-1,"[1, 1, 1, 1, 1]","[23, 23, 23, 23, 23]","[30.54925578, 29.450616038, 29.45662174, 29.51220028, 29.454586171]","[0.00039967, 0.000379561, 0.000568731, 0.00038167, 0.000384933]","[1.171350125, 0.263952674, 0.258227317, 0.224467436, 0.221555011]","[27.304354045, 27.404560477, 27.40791891, 27.501785722, 27.460659941]","[1.237399131, 1.239701883, 1.24896168, 1.240151256, 1.231261476]","[0.000353731, 0.00036478, 0.000489521, 0.000355032, 0.000354893]"
dblp_to_amalgam1-naive-2,"[1, 1, 1, 1, 1]","[23, 23, 23, 23, 23]","[29.670479418, 29.907004109, 29.897093678, 29.689709837, 29.657726389]","[0.000429992, 0.000434952, 0.000501383, 0.000442492, 0.000429181]","[0.649466086, 0.547922552, 0.576411165, 0.487351361, 0.473206088]","[27.239753856, 27.511897511, 27.552611283, 27.429804591, 27.411629969]","[1.236160157, 1.307123462, 1.23325965, 1.236129717, 1.242573482]","[0.000395324, 0.000401231, 0.000402152, 0.000390813, 0.000386862]"
dblp_to_amalgam1-naive-4,"[1, 1, 1, 1, 1]","[23, 23, 23, 23, 23]","[30.454948514, 30.425320016, 30.147737031, 30.201501274, 30.15799587]","[0.000575042, 0.000557491, 0.000517933, 0.000517091, 0.000535881]","[1.181479122, 1.094753035, 1.074096537, 1.030543439, 1.027726803]","[27.422295212, 27.538370398, 27.317401979, 27.403786642, 27.360197528]","[1.243466736, 1.254621142, 1.229778284, 1.245204157, 1.237857105]","[0.000569422, 0.000486401, 0.000500742, 0.000503425, 0.000471141]"
dblp_to_amalgam1-naive-8,"[1, 1, 1, 1, 1]","[23, 23, 23, 23, 23]","[31.185736404, 31.160835968, 31.238740667, 30.999045278, 30.98581964]","[0.000671982, 0.000680901, 0.00065728, 0.000675911, 0.000862961]","[2.081412087, 1.9462561360000001, 1.836846871, 1.828488782, 1.818297618]","[27.332196805, 27.430351944, 27.637960219, 27.418019867, 27.391404837]","[1.247142618, 1.247912457, 1.248226384, 1.241824789, 1.2529618820000001]","[0.000605232, 0.00058427, 0.000589612, 0.000580532, 0.000718931]"
dblp_to_amalgam1-naive-16,"[1, 1, 1, 1, 1]","[23, 23, 23, 23, 23]","[33.605843237, 32.616090151, 32.603898644, 32.962231211, 32.571380692]","[0.000925232, 0.000940612, 0.000954351, 0.000962403, 0.000961594]","[3.533308973, 3.431176819, 3.407022595, 3.344525641, 3.300129354]","[28.191062938, 27.425961399, 27.420924231, 27.863232485, 27.485155264]","[1.308331451, 1.2636858229999999, 1.275357994, 1.262786636, 1.2806610090000001]","[0.000816753, 0.000839751, 0.000851902, 0.00086026, 0.000848702]"
dblp_to_amalgam1-random-1,"[1, 1, 1, 1, 1]","[23, 23, 23, 23, 23]","[30.179662664, 29.209212525, 29.195169075, 29.246371821, 29.20893714]","[0.000398581, 0.000381851, 0.000383401, 0.000397071, 0.00039458]","[0.183709518, 0.120845615, 0.119371369, 0.118610953, 0.129497917]","[28.019512827, 27.335348021, 27.316604324, 27.363642778, 27.324992682]","[1.25478116, 1.228639675, 1.231359073, 1.22983644, 1.222428334]","[0.000395451, 0.000351191, 0.00034457, 0.00035148, 0.000359921]"
dblp_to_amalgam1-random-2,"[1, 0.9781849912739965, 1, 0.971027216856892, 0.9781849912739965]","[23, 22, 23, 22, 22]","[29.550498679, 29.256231821, 29.213561188, 29.26051518, 29.330962508]","[0.00041864, 0.00042002, 0.000427111, 0.00039667, 0.000445901]","[0.25713045, 0.230128415, 0.257891744, 0.193665404, 0.294727058]","[27.526092118, 27.271107061, 27.210493631, 27.343338045, 27.287491494]","[1.229759514, 1.233516076, 1.214261569, 1.207634779, 1.224500066]","[0.000393701, 0.000381031, 0.000392692, 0.000348571, 0.00039705]"
dblp_to_amalgam1-random-4,"[0.971027216856892, 0.9781849912739965, 1, 0.9499561018437226, 0.9499561018437226]","[22, 22, 23, 21, 21]","[29.456179181, 29.625396517, 29.55902532, 29.671328369, 29.458439382999998]","[0.00042551, 0.000465691, 0.000422891, 0.000437351, 0.000409102]","[0.362975131, 0.495014015, 0.36716526, 0.437057938, 0.335718827]","[27.278551145, 27.347627195, 27.419606729, 27.451264303, 27.349012743]","[1.227833951, 1.237599643, 1.230732661, 1.239356261, 1.238561417]","[0.000380641, 0.00041723, 0.000385801, 0.000404511, 0.000368621]"
dblp_to_amalgam1-random-8,"[0.9781849912739965, 0.9499561018437226, 1, 0.9781849912739965, 0.9650959860383944]","[22, 21, 23, 22, 22]","[29.932236299, 29.412895857, 29.86449596, 29.776105821, 29.814967004]","[0.000530832, 0.00040196, 0.00049373, 0.00045093, 0.000489531]","[0.756977437, 0.353935138, 0.700374749, 0.571268247, 0.721600238]","[27.380750767, 27.280882689, 27.356247179, 27.40744153, 27.328558423]","[1.248804578, 1.23876268, 1.260208869, 1.247907042, 1.22886654]","[0.000458291, 0.000376121, 0.000457381, 0.000401472, 0.00045007]"
dblp_to_amalgam1-random-16,"[0.9650959860383944, 0.9781849912739965, 0.9650959860383944, 0.971027216856892, 0.971027216856892]","[22, 22, 22, 22, 22]","[30.325993408, 30.274616631, 30.301360029, 30.187773235, 30.015500068]","[0.000515231, 0.00053781, 0.000551461, 0.000512761, 0.000507941]","[0.976209098, 1.036737413, 1.062135348, 1.012710469, 0.849637504]","[27.468282725, 27.416124672, 27.407662224, 27.348983937, 27.326556962]","[1.27132928, 1.267327797, 1.270121406, 1.273375342, 1.2777782690000001]","[0.000464161, 0.000495741, 0.000508031, 0.00046728, 0.00044805]"
dblp_to_amalgam1-weighted_distance-1,"[1, 1, 1, 1, 1]","[23, 23, 23, 23, 23]","[29.403088107, 29.167974624, 29.215043849, 29.145323888, 29.258911543]","[0.000400721, 0.000384541, 0.000373151, 0.000375391, 0.00043571]","[0.188823927, 0.120401992, 0.118414904, 0.125330145, 0.119155252]","[27.30123469, 27.300158538, 27.354090797, 27.267723034, 27.391903125]","[1.221292475, 1.228398624, 1.221520902, 1.23343019, 1.225274936]","[0.000356711, 0.00034907, 0.00034304, 0.000359941, 0.000359311]"
dblp_to_amalgam1-weighted_distance-2,"[1, 1, 1, 1, 1]","[23, 23, 23, 23, 23]","[29.331283904, 29.522543107, 29.344559414, 29.313078363, 29.321925978]","[0.000415451, 0.000429621, 0.000402641, 0.00041321, 0.00040441]","[0.230560178, 0.218787404, 0.214411311, 0.23187822, 0.232833879]","[27.315849495, 27.519370394, 27.366725379000002, 27.317282759, 27.340494767]","[1.225453755, 1.249794998, 1.23140317, 1.2334461349999999, 1.215405171]","[0.00037093, 0.000373631, 0.000366642, 0.000378011, 0.000371001]"
dblp_to_amalgam1-weighted_distance-4,"[1, 1, 1, 1, 1]","[23, 23, 23, 23, 23]","[29.674276554, 29.768156197, 29.787663909, 29.693874447, 29.818696067]","[0.00045922, 0.000485151, 0.000449912, 0.00046893, 0.00045702]","[0.509677164, 0.522397941, 0.490517385, 0.512714355, 0.491299311]","[27.348720097, 27.448006421, 27.496337883, 27.394000935, 27.529259207]","[1.245929118, 1.25272702, 1.246757948, 1.245977891, 1.252385614]","[0.000421603, 0.00042845, 0.00042358, 0.000415531, 0.000442891]"
dblp_to_amalgam1-weighted_distance-8,"[0.912739965095986, 0.912739965095986, 0.912739965095986, 0.912739965095986, 0.912739965095986]","[21, 21, 21, 21, 21]","[29.901759744, 29.917512962, 29.812193089, 29.951796919, 29.848737289]","[0.000465091, 0.00044285, 0.000456571, 0.000461711, 0.000460661]","[0.683898409, 0.672135553, 0.668034023, 0.664569547, 0.637602964]","[27.40282837, 27.454888279, 27.337874514, 27.496726577, 27.414848826]","[1.246850652, 1.244027598, 1.260855546, 1.241651451, 1.244005732]","[0.00043718, 0.000428911, 0.000434531, 0.000425081, 0.00043711]"
dblp_to_amalgam1-weighted_distance-16,"[0.912739965095986, 0.912739965095986, 0.912739965095986, 0.912739965095986, 0.912739965095986]","[21, 21, 21, 21, 21]","[30.131993748, 30.66694888, 30.178084755, 30.06035941, 30.35061914]","[0.00046658, 0.000466371, 0.000468665, 0.000465823, 0.000475684]","[0.88303141, 0.901889521, 0.862791098, 0.871294091, 0.92504759]","[27.402890278, 27.893512533, 27.466297892, 27.372795117, 27.564229745]","[1.277273439, 1.3017157529999999, 1.291356107, 1.26091551, 1.2999238229999999]","[0.000446191, 0.000462321, 0.000429024, 0.000449182, 0.000438962]"
dblp_to_amalgam1-greedy-1,"[1, 1, 1, 1, 1]","[23, 23, 23, 23, 23]","[29.351980851, 29.269969431, 29.357226125, 29.3580898, 29.130668589]","[0.000403153, 0.000407512, 0.000379243, 0.000375692, 0.000379872]","[0.145030338, 0.140779407, 0.113270743, 0.112832194, 0.114863743]","[27.396583268, 27.365946746, 27.466597075, 27.480392663, 27.263141018]","[1.2328363900000001, 1.234612007, 1.240557782, 1.23814967, 1.227029071]","[0.000355853, 0.000345202, 0.000358932, 0.000353791, 0.000352461]"
dblp_to_amalgam1-greedy-2,"[1, 1, 1, 1, 1]","[23, 23, 23, 23, 23]","[29.333229268, 29.379487201, 29.279997003, 29.318820807, 29.365700883]","[0.000392452, 0.000383613, 0.000410771, 0.000382021, 0.000379981]","[0.157311653, 0.173670875, 0.17618403, 0.17259964, 0.165914321]","[27.40620893, 27.428949908, 27.350590391, 27.3812381, 27.423177052]","[1.235063142, 1.240449589, 1.229638498, 1.239480359, 1.244668228]","[0.000353412, 0.000345111, 0.000351921, 0.000376141, 0.000355772]"
dblp_to_amalgam1-greedy-4,"[1, 1, 1, 1, 1]","[23, 23, 23, 23, 23]","[29.420249764, 29.509670025, 29.523257373, 29.583965237, 29.501673537]","[0.000377092, 0.000404862, 0.000375871, 0.000391481, 0.000395601]","[0.247493776, 0.239859102, 0.263636786, 0.246866446, 0.243278507]","[27.392155449, 27.464163827, 27.475651417999998, 27.530671911, 27.483792315]","[1.234760442, 1.265006088, 1.240585805, 1.255895139, 1.234012714]","[0.000351572, 0.000369032, 0.000343482, 0.000372441, 0.000353081]"
dblp_to_amalgam1-greedy-8,"[1, 1, 1, 1, 1]","[23, 23, 23, 23, 23]","[29.620366292, 29.664276813, 29.695643609, 29.698007461, 29.757253106]","[0.000384351, 0.000392881, 0.000388122, 0.000386781, 0.000392191]","[0.405613213, 0.35080546, 0.368596766, 0.341594913, 0.371182621]","[27.391593769, 27.526681166, 27.525655726, 27.562906254, 27.596654518]","[1.258822285, 1.247937527, 1.255555537, 1.257763525, 1.247820125]","[0.000351941, 0.000350631, 0.000368721, 0.000360131, 0.00034688]"
dblp_to_amalgam1-greedy-16,"[1, 1, 1, 1, 1]","[23, 23, 23, 23, 23]","[29.852762056, 29.974721369, 30.007646948, 29.855862286, 29.897500685]","[0.00038832, 0.000376971, 0.000389331, 0.000378101, 0.000382481]","[0.560537319, 0.583678662, 0.552350529, 0.573833881, 0.574450351]","[27.451355236, 27.544433688, 27.605476762, 27.462963195, 27.50714573]","[1.274909743, 1.287380001, 1.297895474, 1.270205744, 1.272306356]","[0.000356781, 0.000360571, 0.000345741, 0.000403531, 0.00036941]"
amalgam1_to_amalgam3-naive-1,"[1, 1, 1, 1, 1]","[24, 24, 24, 24, 24]","[121.69968664, 123.684093246, 121.306219919, 123.24344911, 123.429149747]","[0.000818452, 0.000745171, 0.000759561, 0.000750212, 0.000746873]","[0.247804276, 0.174456516, 0.212739019, 0.175191062, 0.176305215]","[112.771484853, 114.841613313, 112.46679946, 114.439912, 114.578403748]","[6.619265902, 6.611701767, 6.584799563, 6.58411034, 6.608735247]","[0.000455332, 0.000375411, 0.000385481, 0.00037403, 0.000365171]"
amalgam1_to_amalgam3-naive-2,"[1, 1, 1, 1, 1]","[24, 24, 24, 24, 24]","[123.966535357, 123.686452558, 123.727801313, 123.910445736, 124.10097051]","[0.000803642, 0.000796802, 0.000779161, 0.000808332, 0.000786891]","[0.571071342, 0.530626229, 0.506498399, 0.487602333, 0.476179747]","[114.70009437, 114.482627239, 114.542389458, 114.654959072, 114.882599569]","[6.6176101240000005, 6.576687517, 6.646168297, 6.708468494, 6.683682717]","[0.000442212, 0.000419051, 0.000420581, 0.00046836, 0.000417601]"
amalgam1_to_amalgam3-naive-4,"[1, 1, 1, 1, 1]","[24, 24, 24, 24, 24]","[125.204686345, 124.407779576, 125.149783471, 124.8919277, 125.480964929]","[0.000948882, 0.000954662, 0.000945974, 0.000932552, 0.000921922]","[1.330946516, 1.287720317, 1.3165664000000001, 1.2919044579999999, 1.278604275]","[115.157513247, 114.338967254, 114.950063329, 114.832792995, 115.343600305]","[6.653639571, 6.699113878, 6.765362598, 6.700742407, 6.807180077]","[0.000517, 0.000532811, 0.000519542, 0.000516582, 0.000518432]"
amalgam1_to_amalgam3-naive-8,"[1, 1, 1, 1, 1]","[24, 24, 24, 24, 24]","[126.310277645, 126.289423237, 126.803532867, 126.737835312, 125.568388313]","[0.001132431, 0.001126672, 0.001148081, 0.001127022, 0.001238335]","[2.571685465, 2.53522821, 2.439497507, 2.514115555, 2.499933594]","[114.870033233, 114.940932289, 115.529683447, 115.324298344, 114.279810268]","[6.824855861, 6.772752874, 6.780423674, 6.855872355, 6.756153826]","[0.000630444, 0.000639451, 0.000645233, 0.000629362, 0.000704863]"
amalgam1_to_amalgam3-naive-16,"[1, 1, 1, 1, 1]","[24, 24, 24, 24, 24]","[129.3830644, 127.416726595, 129.832071851, 129.517770593, 129.654405663]","[0.001524898, 0.001547795, 0.001571803, 0.001554453, 0.001560713]","[4.896000827, 5.063293452, 4.935116462, 4.993900405, 4.819233926]","[115.410940126, 113.236789243, 115.824002881, 115.467031571, 115.806044966]","[6.9780850789999995, 7.098775986, 7.040553369, 7.020680928, 6.997611514]","[0.001008075, 0.001014274, 0.001127182, 0.001076811, 0.000960483]"
amalgam1_to_amalgam3-random-1,"[1, 1, 1, 1, 1]","[24, 24, 24, 24, 24]","[123.120153431, 122.518711435, 122.739852603, 123.602144424, 122.581489887]","[0.000742752, 0.000778121, 0.000757182, 0.000743243, 0.000749052]","[0.244040012, 0.166281257, 0.175272811, 0.172791912, 0.170499181]","[114.195626984, 113.801696887, 113.935778895, 114.893989842, 113.860656624]","[6.560505181, 6.515805213, 6.581175017, 6.485298148, 6.505146503]","[0.000387301, 0.000370181, 0.00036954, 0.000369801, 0.000420501]"
amalgam1_to_amalgam3-random-2,"[1, 0.9886449659348978, 0.9791745550927679, 1, 1]","[24, 23, 22, 24, 24]","[123.747508933, 123.010007147, 123.401269326, 123.125390008, 123.459195393]","[0.000762462, 0.000755852, 0.000749861, 0.000764201, 0.000804931]","[0.248377498, 0.280668614, 0.241777624, 0.338410949, 0.394824697]","[114.874512569, 114.095029618, 114.535173625, 114.222208724, 114.303197996]","[6.5887285129999995, 6.57118291, 6.590171409, 6.5278188230000005, 6.676840041]","[0.000374021, 0.000389311, 0.000371941, 0.000401061, 0.000419251]"
amalgam1_to_amalgam3-random-4,"[0.9886449659348978, 1, 1, 0.9886449659348978, 0.9791745550927679]","[23, 24, 24, 23, 22]","[123.43617165, 124.180344885, 124.342132866, 123.673216787, 123.621567481]","[0.000771561, 0.000835242, 0.000908654, 0.000831404, 0.000756213]","[0.44548953, 0.602202377, 0.878539069, 0.560045877, 0.439681948]","[114.255626545, 114.760942867, 114.829193597, 114.449785779, 114.489961256]","[6.660161028, 6.7307500749999996, 6.553938832, 6.598651811, 6.621272372]","[0.0003941, 0.00043039, 0.000512521, 0.000419051, 0.000385801]"
amalgam1_to_amalgam3-random-8,"[0.9886449659348978, 0.9886449659348978, 0.9898228420655861, 0.9886449659348978, 1]","[23, 23, 23, 23, 24]","[124.996456983, 125.124317389, 124.725480248, 124.752650609, 125.160391423]","[0.000842203, 0.000894061, 0.000847842, 0.000829053, 0.000790001]","[1.040057404, 1.131538943, 0.939084188, 0.796194328, 0.817795785]","[114.962826736, 115.080380193, 115.083803583, 114.975322338, 115.470188046]","[6.846281538, 6.803207825, 6.601374383, 6.8772230180000005, 6.790217733]","[0.000474391, 0.000536552, 0.00046198, 0.00043753, 0.000431992]"
amalgam1_to_amalgam3-random-16,"[0.9788039364118092, 0.9788039364118092, 0.9791745550927679, 0.9751131221719457, 0.9547681869581606]","[22, 22, 22, 22, 22]","[126.499234772, 126.025237331, 125.835822335, 127.368109345, 125.988687547]","[0.000863163, 0.000885952, 0.000908193, 0.000966072, 0.000850373]","[1.448095713, 1.357018326, 1.6120250820000002, 1.3388868729999999, 1.355810867]","[115.910542581, 115.519270969, 115.113740432, 116.853919785, 115.654068939]","[6.9750434420000005, 6.992695308, 6.98385416, 7.031518977, 6.869235424]","[0.000496382, 0.000478932, 0.000515531, 0.000512562, 0.000457902]"
amalgam1_to_amalgam3-weighted_distance-1,"[1, 1, 1, 1, 1]","[24, 24, 24, 24, 24]","[123.75098528, 123.016686483, 123.351920061, 123.757083912, 122.822870726]","[0.000763841, 0.000757332, 0.000741059, 0.000757467, 0.000737962]","[0.223145766, 0.191613002, 0.172356029, 0.173390285, 0.166797611]","[114.794608912, 114.124780787, 114.616803527, 114.839323221, 114.053735509]","[6.585258952, 6.651430578, 6.52234098, 6.665294015, 6.561880707]","[0.000370722, 0.00037579, 0.000371606, 0.00037459, 0.000375401]"
amalgam1_to_amalgam3-weighted_distance-2,"[1, 1, 1, 1, 1]","[24, 24, 24, 24, 24]","[122.672147263, 123.26856592, 123.429222289, 124.061881751, 124.484080321]","[0.000771797, 0.000875955, 0.00081779, 0.000773917, 0.000790858]","[0.35254937, 0.319153492, 0.351384198, 0.32420798, 0.365941126]","[113.748220296, 114.264071535, 114.417586574, 114.889758865, 115.20093487]","[6.537879327, 6.617160499, 6.600852689, 6.747342752, 6.835837109]","[0.000388097, 0.000394924, 0.000426277, 0.000406078, 0.00040943]"
amalgam1_to_amalgam3-weighted_distance-4,"[1, 1, 1, 1, 1]","[24, 24, 24, 24, 24]","[125.291448878, 125.223429454, 125.098743213, 125.178434277, 124.732596771]","[0.000826784, 0.000827263, 0.000834961, 0.000832671, 0.000837883]","[0.834368654, 0.772525382, 0.771175911, 0.754880206, 0.790881214]","[115.480808702, 115.518641673, 115.507438867, 115.545568596, 115.062975704]","[6.768900716, 6.787159462, 6.732950487, 6.770273532, 6.747220121]","[0.000490003, 0.000450563, 0.000442277, 0.000458219, 0.000447221]"
amalgam1_to_amalgam3-weighted_distance-8,"[0.9547681869581606, 0.9547681869581606, 0.9547681869581606, 0.9547681869581606, 0.9547681869581606]","[22, 22, 22, 22, 22]","[125.680009248, 125.327541013, 124.538293981, 126.048278611, 125.663178202]","[0.000841347, 0.000837813, 0.000836632, 0.000838907, 0.000831379]","[1.045852319, 1.033385034, 1.021980047, 1.058701075, 1.029220761]","[115.606193004, 115.36158379, 114.394703063, 115.956284177, 115.761752256]","[6.884729495, 6.801411852, 6.97917872, 6.875020777, 6.753214314]","[0.00045822, 0.000619281, 0.000453977, 0.000451413, 0.00046971]"
amalgam1_to_amalgam3-weighted_distance-16,"[0.9547681869581606, 0.9547681869581606, 0.9547681869581606, 0.9547681869581606, 0.9547681869581606]","[22, 22, 22, 22, 22]","[127.790635402, 126.99719297, 126.556576352, 125.484316653, 126.486930894]","[0.000835024, 0.000858243, 0.000853355, 0.000833724, 0.000847901]","[1.405271497, 1.385556229, 1.369139357, 1.3522443499999999, 1.350472378]","[117.076179214, 116.408097537, 116.129086029, 114.914800246, 116.007687622]","[7.078240621, 7.037353443, 6.940079638, 7.04399319, 6.961684388]","[0.000458751, 0.000483833, 0.000476243, 0.000467664, 0.00051071]"
amalgam1_to_amalgam3-greedy-1,"[1, 1, 1, 1, 1]","[24, 24, 24, 24, 24]","[124.487456851, 123.78107549, 123.799313768, 123.946484592, 124.206570359]","[0.000753071, 0.000739421, 0.000736101, 0.000730508, 0.000752579]","[0.220985584, 0.162440943, 0.178446654, 0.173313648, 0.167197161]","[115.472936282, 114.834136128, 114.953209421, 115.010203417, 115.275992717]","[6.631245239, 6.691233112, 6.5840378059999995, 6.675412808, 6.646547009]","[0.0003884, 0.000368641, 0.00037065, 0.000387339, 0.00036861]"
amalgam1_to_amalgam3-greedy-2,"[1, 1, 1, 1, 1]","[24, 24, 24, 24, 24]","[124.632590011, 124.422321283, 124.106838421, 124.059889099, 124.547099298]","[0.00074618, 0.00072447, 0.00073487, 0.000747931, 0.00073673]","[0.272690178, 0.251770416, 0.254617998, 0.280602293, 0.239157215]","[115.608758565, 115.329665332, 114.961085564, 115.018296364, 115.445234066]","[6.6722063590000005, 6.760425696, 6.746556862, 6.678947951, 6.762411292]","[0.00037633, 0.0003755, 0.000382071, 0.000370411, 0.000371801]"
amalgam1_to_amalgam3-greedy-4,"[1, 1, 1, 1, 1]","[24, 24, 24, 24, 24]","[125.287320336, 126.22045128, 124.068708614, 124.189423099, 124.228618358]","[0.000747141, 0.000766585, 0.000754692, 0.000758403, 0.000788152]","[0.427294799, 0.396926411, 0.35892367, 0.402008523, 0.394595144]","[115.968693393, 116.921697367, 114.984757418, 114.939793247, 114.977809974]","[6.74396235, 6.746581438, 6.657410012, 6.734057033, 6.754312756]","[0.000380191, 0.000438952, 0.000375752, 0.000366801, 0.00039929]"
amalgam1_to_amalgam3-greedy-8,"[1, 1, 1, 1, 1]","[24, 24, 24, 24, 24]","[124.396941423, 125.265469895, 125.68863294, 125.903398096, 125.667785573]","[0.000733862, 0.000759192, 0.000735032, 0.000812341, 0.000752624]","[0.562925517, 0.554440969, 0.566577918, 0.574021015, 0.571305734]","[114.968062911, 115.690341436, 115.942347809, 116.248328907, 115.988256806]","[6.787563974, 6.893570619, 7.03827117, 6.900017923, 6.970385457]","[0.000439942, 0.000382451, 0.00037515, 0.000389621, 0.000381073]"
amalgam1_to_amalgam3-greedy-16,"[1, 1, 1, 1, 1]","[24, 24, 24, 24, 24]","[126.353584063, 126.229752563, 126.20917723, 127.092426255, 126.182096907]","[0.000734643, 0.000769442, 0.000727782, 0.000743542, 0.000775432]","[0.938488336, 0.906498351, 0.883151388, 0.885046752, 0.887028171]","[116.157191755, 116.186601522, 116.078876754, 116.972178034, 116.100567682]","[7.071073389, 6.984334674, 7.09219618, 7.085291099, 7.036080074]","[0.000380421, 0.000378572, 0.000376021, 0.000369252, 0.00042605]"
flighthotel-naive-1,"[1, 1, 1, 1, 1]","[16, 16, 16, 16, 16]","[0.598675148, 0.404067056, 0.375670073, 0.317486284, 0.356747551]","[0.00026183, 0.000236231, 0.000232212, 0.0002137, 0.00021901]","[0.492651263, 0.353428577, 0.324740841, 0.266859181, 0.301262558]","[0.004099508, 0.003864787, 0.003729806, 0.003819963, 0.003903488]","[0.002125623, 0.001983775, 0.001975806, 0.001864372, 0.001943496]","[0.000544142, 0.000500432, 0.000500362, 0.000468551, 0.000496771]"
flighthotel-naive-2,"[1, 1, 1, 1, 1]","[16, 16, 16, 16, 16]","[8.680650425, 7.185765483, 6.890849815, 6.977359192, 6.544257656]","[0.002731246, 0.002742879, 0.002806142, 0.002792012, 0.00272431]","[8.439977596, 7.080303166, 6.720436645, 6.875442589, 6.4435834849999996]","[0.107306825, 0.106314992, 0.105854508, 0.106579206, 0.106310539]","[0.033139776, 0.032868466, 0.033299337, 0.033648489, 0.03301479]","[0.006306791, 0.00652481, 0.006417678, 0.006443682, 0.006384895]"
flighthotel-naive-4,"[1, 1, 1, 1, 1]","[16, 16, 16, 16, 16]","[141.131765477, 138.459575865, 136.095827372, 135.744376813, 138.155527877]","[0.017066939, 0.016553699, 0.01694137, 0.016289325, 0.016510697]","[68.005372549, 65.378749248, 63.808567309, 63.37831549, 64.661436985]","[0.916388148, 0.893863221, 0.910294417, 0.886745856, 0.892401541]","[0.281863379, 0.270475406, 0.278041217, 0.265357741, 0.266978849]","[0.050134645, 0.04939439, 0.050962993, 0.049306722, 0.048554935]"
flighthotel-naive-8,"[None, None, None, None, None]","[None, None, None, None, None]","[None, None, None, None, None]","[None, None, None, None, None]","[None, None, None, None, None]","[None, None, None, None, None]","[None, None, None, None, None]","[None, None, None, None, None]"
flighthotel-naive-16,"[None, None, None, None, None]","[None, None, None, None, None]","[None, None, None, None, None]","[None, None, None, None, None]","[None, None, None, None, None]","[None, None, None, None, None]","[None, None, None, None, None]","[None, None, None, None, None]"
flighthotel-random-1,"[1, 1, 1, 1, 1]","[16, 16, 16, 16, 16]","[0.495422338, 0.332871995, 0.31997245, 0.313170651, 0.319722738]","[0.00025267, 0.00024138, 0.00021216, 0.000199271, 0.0002449]","[0.379103832, 0.278123837, 0.267457607, 0.25835079, 0.262296271]","[0.004370102, 0.004615935, 0.004506893, 0.004019552, 0.004768363]","[0.002184216, 0.002175036, 0.002052845, 0.001857615, 0.002263134]","[0.000557893, 0.000585203, 0.000539972, 0.00049467, 0.000570331]"
flighthotel-random-2,"[0.610062893081761, 0.4472049689440994, 0.40993788819875776, 0.6280487804878049, 0.42857142857142855]","[8, 6, 7, 10, 7]","[0.720466345, 0.428292182, 0.384724633, 0.590839851, 0.484515571]","[0.000387572, 0.000242101, 0.00020537, 0.000374232, 0.000263362]","[0.63734493, 0.378088035, 0.336199573, 0.521464063, 0.425256472]","[0.007411989, 0.00369504, 0.003198147, 0.005193634, 0.005214412]","[0.003428909, 0.002042954, 0.001713895, 0.003010022, 0.002454343]","[0.001038512, 0.0006676, 0.000604552, 0.000976295, 0.000789036]"
flighthotel-random-4,"[0.6280487804878049, 0.49693251533742333, 0.4088050314465409, 0.36477987421383645, 0.4125]","[10, 7, 5, 4, 6]","[1.03104346, 0.709314248, 0.619698705, 0.543326466, 0.668038072]","[0.00035328, 0.00027102, 0.00022728, 0.000204391, 0.000237701]","[0.9633821, 0.650003558, 0.573180566, 0.500427222, 0.615477737]","[0.006528896, 0.004638812, 0.004924525, 0.003555339, 0.004425161]","[0.00311414, 0.002420744, 0.002010253, 0.001663913, 0.002061757]","[0.000930422, 0.000759041, 0.000633361, 0.000538811, 0.000662882]"
flighthotel-random-8,"[0.4125, 0.35625, 0.4088050314465409, 0.36477987421383645, 0.6158536585365854]","[6, 4, 5, 4, 10]","[1.490872769, 0.368005201, 1.084267357, 0.501619458, 2.939258099]","[0.000388391, 0.000153401, 0.00029327, 0.00014628, 0.000651413]","[1.394065517, 0.329906949, 1.024072194, 0.462609713, 2.82982158]","[0.008053665, 0.002189967, 0.006504939, 0.002740297, 0.015700596]","[0.003410697, 0.001240864, 0.002679444, 0.001295702, 0.005781605]","[0.001014173, 0.000432103, 0.00078525, 0.00041334, 0.001538012]"
flighthotel-random-16,"[0.50625, 0.41509433962264153, 0.4720496894409938, 0.4382716049382716, 0.5185185185185185]","[7, 6, 7, 7, 7]","[1.205113358, 1.404546318, 1.519161478, 1.546088964, 1.6109030610000001]","[0.000326701, 0.000332121, 0.00029498, 0.000322432, 0.00035539]","[1.13876386, 1.335914422, 1.449485356, 1.462160972, 1.541093662]","[0.006347433, 0.007847189, 0.00779068, 0.008021043, 0.008950326]","[0.002806042, 0.003138361, 0.00282422, 0.002870036, 0.003209976]","[0.00083792, 0.000963625, 0.000799613, 0.000819911, 0.000870892]"
flighthotel-weighted_distance-1,"[1, 1, 1, 1, 1]","[16, 16, 16, 16, 16]","[0.388481234, 0.363210676, 0.322936479, 0.34264778, 0.337826298]","[0.000267931, 0.0002719, 0.00024023, 0.00026009, 0.00022925]","[0.286358351, 0.297397941, 0.265409025, 0.28254356, 0.283247672]","[0.004511414, 0.004664795, 0.00406408, 0.004758691, 0.00423512]","[0.002291826, 0.002374443, 0.002096516, 0.002306233, 0.002058365]","[0.000631322, 0.000593802, 0.000558611, 0.000613532, 0.000527731]"
flighthotel-weighted_distance-2,"[0.39622641509433965, 0.39622641509433965, 0.39622641509433965, 0.39622641509433965, 0.39622641509433965]","[4, 4, 4, 4, 4]","[0.328011361, 0.317215632, 0.332368662, 0.314888516, 0.32043363]","[0.00022854, 0.000219451, 0.000221711, 0.000203851, 0.00021756]","[0.281974961, 0.269145066, 0.287763394, 0.270427569, 0.275581782]","[0.003400886, 0.003416842, 0.003095308, 0.002923185, 0.003400071]","[0.001798019, 0.001899132, 0.001806827, 0.001692868, 0.001842012]","[0.000606991, 0.00066622, 0.000625472, 0.000603564, 0.000637441]"
flighthotel-weighted_distance-4,"[0.3522012578616352, 0.3522012578616352, 0.3522012578616352, 0.3522012578616352, 0.3522012578616352]","[3, 3, 3, 3, 3]","[0.439419495, 0.402863088, 0.447355145, 0.431396491, 0.408556781]","[0.00018564, 0.00018766, 0.000182761, 0.00017502, 0.00017191]","[0.399471774, 0.362435161, 0.405520824, 0.392611049, 0.367716433]","[0.002395599, 0.002546857, 0.002640307, 0.002544467, 0.002641406]","[0.001424711, 0.001429974, 0.001418883, 0.001475254, 0.001422343]","[0.00048065, 0.000488381, 0.000481532, 0.000491163, 0.000500721]"
flighthotel-weighted_distance-8,"[0.3522012578616352, 0.3522012578616352, 0.3522012578616352, 0.3522012578616352, 0.3522012578616352]","[3, 3, 3, 3, 3]","[0.435027081, 0.466302513, 0.411541557, 0.413706673, 0.432996113]","[0.000188131, 0.00020047, 0.0001778, 0.000167971, 0.00018697]","[0.39335611, 0.421801787, 0.373919918, 0.374639629, 0.380901186]","[0.002827918, 0.002595908, 0.002624914, 0.002436195, 0.002667227]","[0.001559184, 0.001574034, 0.001408276, 0.001347794, 0.001432202]","[0.000535142, 0.000554332, 0.000486522, 0.000448702, 0.000484461]"
flighthotel-weighted_distance-16,"[0.3522012578616352, 0.3522012578616352, 0.3522012578616352, 0.3522012578616352, 0.3522012578616352]","[3, 3, 3, 3, 3]","[0.400684418, 0.430921576, 0.457203516, 0.418745734, 0.426947045]","[0.00017426, 0.00019361, 0.00016997, 0.000166781, 0.00017521]","[0.361203614, 0.388993626, 0.400864418, 0.382124959, 0.388126553]","[0.002713537, 0.002773307, 0.002583047, 0.002494028, 0.002619126]","[0.001443884, 0.001563514, 0.001411183, 0.001361013, 0.001452815]","[0.000489432, 0.000539913, 0.000473101, 0.00046681, 0.000497232]"
flighthotel-greedy-1,"[1, 1, 1, 1, 1]","[16, 16, 16, 16, 16]","[0.35311828, 0.306312067, 0.305323074, 0.306423827, 0.303561948]","[0.00023535, 0.00022023, 0.000219872, 0.00020856, 0.00021247]","[0.27638158, 0.255028411, 0.255140382, 0.253672096, 0.253860847]","[0.00429673, 0.004143662, 0.004102073, 0.004275401, 0.004265464]","[0.002123957, 0.001914063, 0.001969477, 0.001899048, 0.001904643]","[0.000540752, 0.000495971, 0.000529552, 0.000513352, 0.000458272]"
flighthotel-greedy-2,"[1, 1, 1, 1, 1]","[16, 16, 16, 16, 16]","[0.530336035, 0.500003324, 0.481504465, 0.50660737, 0.498821279]","[0.00024444, 0.000227401, 0.00025113, 0.00026859, 0.000235841]","[0.47778848, 0.450959134, 0.430607903, 0.44994864, 0.444767839]","[0.003962282, 0.003820421, 0.004495581, 0.004502754, 0.004532328]","[0.002055603, 0.001866684, 0.001996854, 0.002313754, 0.002106087]","[0.000534562, 0.000462991, 0.000487592, 0.000587702, 0.000533071]"
flighthotel-greedy-4,"[1, 1, 1, 1, 1]","[16, 16, 16, 16, 16]","[0.790582124, 0.726206244, 0.766316697, 0.759267207, 0.761549862]","[0.00023524, 0.000240271, 0.000245501, 0.000258302, 0.00026451]","[0.733921426, 0.674851332, 0.711971124, 0.705322706, 0.704914941]","[0.004063263, 0.004869719, 0.004589141, 0.004779841, 0.004294412]","[0.001905923, 0.002097378, 0.002122957, 0.002227705, 0.002072384]","[0.000474111, 0.000518561, 0.000521294, 0.00056105, 0.000523483]"
flighthotel-greedy-8,"[1, 1, 1, 1, 1]","[16, 16, 16, 16, 16]","[0.849595881, 0.917355966, 0.875085903, 0.884846687, 0.864783913]","[0.00024879, 0.000267951, 0.00025304, 0.00026411, 0.00024361]","[0.793601923, 0.847694054, 0.813615032, 0.825796203, 0.813383898]","[0.004488402, 0.005016673, 0.005126984, 0.004935304, 0.004275082]","[0.002109526, 0.002335739, 0.002380906, 0.002232535, 0.002096946]","[0.000530211, 0.000584694, 0.000635372, 0.000574161, 0.000544561]"
flighthotel-greedy-16,"[1, 1, 1, 1, 1]","[16, 16, 16, 16, 16]","[0.830588872, 0.860259217, 0.874357612, 0.844452383, 0.845188243]","[0.000247361, 0.00023604, 0.0002712, 0.00022116, 0.00023777]","[0.776636213, 0.805202872, 0.820211233, 0.791700083, 0.794985711]","[0.00440573, 0.004445112, 0.00482073, 0.004309183, 0.004272851]","[0.002093287, 0.002031055, 0.002261735, 0.001914972, 0.001999823]","[0.000509342, 0.000496432, 0.000554091, 0.000487011, 0.000503461]"
persondata-naive-1,"[1, 1, 1, 1, 1]","[13, 13, 13, 13, 13]","[0.214913152, 0.142297482, 0.14972045, 0.136933748, 0.149072149]","[0.000230381, 0.00025601, 0.000226491, 0.000251881, 0.000261721]","[0.138057151, 0.091040834, 0.093447862, 0.086510445, 0.095582737]","[0.022628294, 0.023536694, 0.024721103, 0.022310755, 0.023697156]","[0.003835309, 0.00419088, 0.004026508, 0.003839729, 0.00425522]","[0.000919511, 0.001110781, 0.000968512, 0.000998353, 0.001143481]"
persondata-naive-2,"[1, 1, 1, 1, 1]","[13, 13, 13, 13, 13]","[0.778168053, 0.718092313, 0.694836625, 0.725354309, 0.728102666]","[0.000747141, 0.000765664, 0.000757053, 0.00083151, 0.00078736]","[0.729172368, 0.666441867, 0.645391782, 0.670994205, 0.671708344]","[0.082794105, 0.086025186, 0.084712467, 0.088043787, 0.088115765]","[0.014377901, 0.015213803, 0.014744007, 0.016058372, 0.01609819]","[0.003487867, 0.003548599, 0.003513676, 0.003978202, 0.003776071]"
persondata-naive-4,"[1, 1, 1, 1, 1]","[13, 13, 13, 13, 13]","[13.185605996, 13.277592236, 12.898753175, 12.668186822, 12.38065393]","[0.004935449, 0.005062262, 0.005007516, 0.005003149, 0.004997563]","[13.084880065, 13.194553124, 12.827443456, 12.596862389, 12.308621197]","[0.59573963, 0.604741021, 0.607199482, 0.59005433, 0.593654343]","[0.108845959, 0.10847475, 0.108551931, 0.106449244, 0.107574078]","[0.024580421, 0.024167197, 0.024471012, 0.02445725, 0.023946147]"
persondata-naive-8,"[1, 1, 1, 1, 1]","[13, 13, 13, 13, 13]","[363.48327796, 366.38509004, 345.976389703, 342.355469696, 369.993313459]","[0.06556227, 0.06641521, 0.064512003, 0.06339692, 0.06465187]","[362.87539584, 365.80450573, 345.424079608, 341.744588637, 369.383682436]","[8.773578901, 8.743757554, 8.675498871, 8.657544141, 8.629142556]","[1.6129965689999999, 1.615545389, 1.600402157, 1.591541053, 1.5796336050000002]","[0.354338999, 0.354637099, 0.354077838, 0.363247401, 0.353199583]"
persondata-naive-16,"[None, None, None, None, None]","[None, None, None, None, None]","[None, None, None, None, None]","[None, None, None, None, None]","[None, None, None, None, None]","[None, None, None, None, None]","[None, None, None, None, None]","[None, None, None, None, None]"
persondata-random-1,"[1, 1, 1, 1, 1]","[13, 13, 13, 13, 13]","[0.394042532, 0.18504274, 0.180471933, 0.176190837, 0.173502129]","[0.000239601, 0.000226401, 0.000235002, 0.000245501, 0.000209721]","[0.170039363, 0.118505069, 0.112525712, 0.112187659, 0.117470249]","[0.022231412, 0.022185111, 0.024076554, 0.024741895, 0.022160557]","[0.003754645, 0.00364562, 0.004165492, 0.004116507, 0.003591252]","[0.000907956, 0.000878975, 0.001012516, 0.001004945, 0.000872935]"
persondata-random-2,"[0.7908496732026143, 0.8768115942028986, 1, 1, 0.8768115942028986]","[13, 13, 13, 13, 13]","[0.276076132, 0.607500142, 0.3330769, 0.406821348, 0.49362098]","[0.000272931, 0.000512203, 0.000344123, 0.000367371, 0.000369671]","[0.201704803, 0.493240559, 0.252599389, 0.316048617, 0.403014578]","[0.024994545, 0.049692855, 0.035317181, 0.035610706, 0.036753648]","[0.004320364, 0.008538407, 0.006010274, 0.005913802, 0.006120624]","[0.001100237, 0.002124942, 0.001452199, 0.00145049, 0.00146257]"
persondata-random-4,"[0.8062015503875969, 0.8062015503875969, 1, 0.8062015503875969, 0.6884057971014492]","[11, 11, 13, 11, 11]","[0.689638686, 1.130657752, 0.70013613, 0.801742827, 0.826050914]","[0.000353222, 0.000538253, 0.000512912, 0.000407313, 0.000480122]","[0.601985965, 1.013161935, 0.591771345, 0.709501613, 0.722075332]","[0.031593755, 0.047644004, 0.054806053, 0.044506323, 0.046491674]","[0.005551308, 0.008395555, 0.009848067, 0.007313892, 0.007948102]","[0.00137457, 0.002044561, 0.002464235, 0.00176342, 0.001939862]"
persondata-random-8,"[0.6277372262773723, 0.5704225352112676, 0.6024844720496895, 0.7692307692307693, 0.7086092715231788]","[8, 8, 13, 10, 13]","[1.106867995, 1.895658802, 1.111338656, 1.561143768, 1.7818617350000001]","[0.0003013, 0.000684242, 0.000325041, 0.000551553, 0.000775004]","[1.02701697, 1.72179614, 1.037295566, 1.455489831, 1.640865662]","[0.027455923, 0.062200289, 0.029875027, 0.055562508, 0.076711215]","[0.004963076, 0.011060145, 0.005276169, 0.009626147, 0.014039714]","[0.001272989, 0.002877728, 0.001241927, 0.002326164, 0.003672491]"
persondata-random-16,"[0.6645569620253164, 0.6277372262773723, 0.6408450704225352, 0.6870748299319728, 0.543046357615894]","[13, 8, 11, 10, 11]","[1.7897519960000001, 3.343496237, 2.938333434, 3.853301183, 1.752748916]","[0.000345401, 0.000756394, 0.000688942, 0.000816435, 0.000422003]","[1.711457361, 3.213225858, 2.801722473, 3.700091317, 1.668419281]","[0.030159708, 0.066395407, 0.069511458, 0.075100414, 0.042284974]","[0.005472828, 0.012745384, 0.011714503, 0.013692705, 0.007332114]","[0.001416838, 0.00359392, 0.002870307, 0.003479481, 0.001861149]"
persondata-weighted_distance-1,"[1, 1, 1, 1, 1]","[13, 13, 13, 13, 13]","[0.355341078, 0.16109035, 0.157419269, 0.150211852, 0.151158196]","[0.000291862, 0.000248472, 0.000253133, 0.000240392, 0.00023387]","[0.159663854, 0.101797394, 0.096794347, 0.09761203, 0.096999306]","[0.029646858, 0.026019301, 0.02511648, 0.023212081, 0.024844679]","[0.00525878, 0.004415021, 0.004262669, 0.003988113, 0.004123751]","[0.001306467, 0.001168345, 0.001056314, 0.001002455, 0.001014146]"
persondata-weighted_distance-2,"[0.8062015503875969, 0.8062015503875969, 0.8062015503875969, 0.8062015503875969, 0.8062015503875969]","[11, 11, 11, 11, 11]","[0.462590979, 0.495241082, 0.480415216, 0.440755883, 0.437387791]","[0.000550504, 0.000636053, 0.000609474, 0.000645105, 0.000572092]","[0.34229939, 0.372216418, 0.359441505, 0.321443104, 0.326430454]","[0.059848184, 0.068550871, 0.059639328, 0.065449687, 0.061179598]","[0.010083451, 0.011671814, 0.010420454, 0.011366284, 0.010474769]","[0.002431384, 0.002939125, 0.002668724, 0.002910213, 0.002552744]"
persondata-weighted_distance-4,"[0.7421875, 0.7421875, 0.7421875, 0.7421875, 0.7421875]","[8, 8, 8, 8, 8]","[0.669027528, 0.706005116, 0.68020882, 0.62841977, 0.640582888]","[0.000671813, 0.000634792, 0.000581773, 0.000519981, 0.000465393]","[0.547039836, 0.592307676, 0.57565568, 0.529240964, 0.543931614]","[0.065472015, 0.06163715, 0.055604278, 0.053112274, 0.05115781]","[0.011027866, 0.010627497, 0.00944491, 0.008767427, 0.008015155]","[0.002837936, 0.002770654, 0.002506043, 0.002148932, 0.001919339]"
persondata-weighted_distance-8,"[0.546875, 0.546875, 0.546875, 0.546875, 0.546875]","[6, 6, 6, 6, 6]","[0.820423287, 0.765129756, 0.763290934, 0.790552265, 0.776864374]","[0.000353661, 0.000330522, 0.00041582, 0.000353931, 0.000354833]","[0.745980848, 0.701314046, 0.68899428, 0.69851619, 0.706792404]","[0.032549295, 0.029795271, 0.034647461, 0.033018121, 0.032890912]","[0.005266621, 0.004830143, 0.006030185, 0.005460527, 0.005441375]","[0.001442028, 0.001258076, 0.001623489, 0.001473508, 0.001435817]"
persondata-weighted_distance-16,"[0.546875, 0.546875, 0.546875, 0.546875, 0.546875]","[6, 6, 6, 6, 6]","[1.425889663, 1.437243142, 1.430538886, 1.374523825, 1.4013215589999999]","[0.000454366, 0.000356021, 0.000410672, 0.000321941, 0.000374971]","[1.340259754, 1.36620723, 1.355985695, 1.309731883, 1.330651119]","[0.037115175, 0.032647632, 0.034724953, 0.029754074, 0.031501498]","[0.006529786, 0.005481352, 0.006243276, 0.004899022, 0.005396718]","[0.001690287, 0.001324008, 0.001706378, 0.001247657, 0.001434967]"
persondata-greedy-1,"[1, 1, 1, 1, 1]","[13, 13, 13, 13, 13]","[0.167976855, 0.13169496, 0.153781501, 0.132166643, 0.13775463]","[0.000260751, 0.000229972, 0.000224211, 0.000224342, 0.000231721]","[0.082446566, 0.078265202, 0.095855841, 0.076087542, 0.083012877]","[0.027180291, 0.025136698, 0.023463876, 0.026780508, 0.025252023]","[0.004423102, 0.004176208, 0.003838441, 0.00435255, 0.004246321]","[0.001076316, 0.000990515, 0.000949305, 0.001093894, 0.000988285]"
persondata-greedy-2,"[1, 1, 1, 1, 1]","[13, 13, 13, 13, 13]","[0.234966498, 0.213816998, 0.215629178, 0.233632228, 0.20654233]","[0.000335403, 0.00029552, 0.000314781, 0.000323951, 0.000250022]","[0.164720646, 0.144578245, 0.147426447, 0.169032425, 0.149075735]","[0.037712228, 0.02856015, 0.031521564, 0.031599187, 0.027116004]","[0.006437173, 0.005186041, 0.005539773, 0.005555962, 0.00460753]","[0.001594427, 0.001469898, 0.001439908, 0.001449397, 0.001092165]"
persondata-greedy-4,"[1, 1, 1, 1, 1]","[13, 13, 13, 13, 13]","[0.359741662, 0.346244595, 0.363918357, 0.341368506, 0.359935325]","[0.000262762, 0.00022781, 0.000241871, 0.000262252, 0.000315832]","[0.301302332, 0.291728445, 0.308740482, 0.284517741, 0.285823948]","[0.026969927, 0.026665442, 0.023269119, 0.026880934, 0.037515564]","[0.004557599, 0.004324827, 0.004064388, 0.004501273, 0.006322938]","[0.001156385, 0.001054306, 0.001010845, 0.001123965, 0.001552738]"
persondata-greedy-8,"[1, 1, 1, 1, 1]","[13, 13, 13, 13, 13]","[0.624514641, 0.595530939, 0.58016571, 0.623161955, 0.59313267]","[0.000214902, 0.000216231, 0.000205431, 0.000226931, 0.00019944]","[0.572354803, 0.545387031, 0.530205155, 0.568456165, 0.540500913]","[0.022482088, 0.022113505, 0.022446445, 0.023204929, 0.022105345]","[0.003759951, 0.003653624, 0.003717636, 0.004014844, 0.003653187]","[0.000861063, 0.000861924, 0.000878885, 0.001011955, 0.000875394]"
persondata-greedy-16,"[1, 1, 1, 1, 1]","[13, 13, 13, 13, 13]","[1.200558124, 1.248495535, 1.191991653, 1.167722404, 1.149449164]","[0.000305051, 0.000256061, 0.000269501, 0.000306321, 0.000265831]","[1.133209445, 1.182284774, 1.117942283, 1.109632811, 1.087628914]","[0.031602225, 0.026213201, 0.021833295, 0.026665116, 0.027586241]","[0.005685005, 0.004612929, 0.00383454, 0.004775109, 0.004915263]","[0.001431957, 0.001139786, 0.000958435, 0.001212766, 0.001185606]"
